CodigoProvincia;CodigoCanton;CodigoParroquia;NombreProvincia;NombreCanton;NombreParroquia
01;01;50;AZUAY;CUENCA;CUENCA
01;01;51;AZUAY;CUENCA;BAÑOS
01;01;52;AZUAY;CUENCA;CUMBE
01;01;53;AZUAY;CUENCA;CHAUCHA
01;01;54;AZUAY;CUENCA;CHECA
01;01;55;AZUAY;CUENCA;CHIQUINTAD
01;01;56;AZUAY;CUENCA;LLACAO
01;01;57;AZUAY;CUENCA;MOLLETURO
01;01;58;AZUAY;CUENCA;NULTI
01;01;59;AZUAY;CUENCA;OCTAVIO CORDERO PALACIOS
01;01;60;AZUAY;CUENCA;PACCHA
01;01;61;AZUAY;CUENCA;QUINGEO
01;01;62;AZUAY;CUENCA;RICAURTE
01;01;63;AZUAY;CUENCA;SAN JOAQUIN
01;01;64;AZUAY;CUENCA;SANTA ANA
01;01;65;AZUAY;CUENCA;SAYAUSI
01;01;66;AZUAY;CUENCA;SIDCAY
01;01;67;AZUAY;CUENCA;SININCAY
01;01;68;AZUAY;CUENCA;TARQUI
01;01;69;AZUAY;CUENCA;TURI
01;01;70;AZUAY;CUENCA;VALLE
01;01;71;AZUAY;CUENCA;VICTORIA DEL PORTETE
01;02;50;AZUAY;GIRON;GIRON
01;02;51;AZUAY;GIRON;LA ASUNCION
01;02;52;AZUAY;GIRON;SAN GERARDO
01;03;50;AZUAY;GUALACEO;GUALACEO
01;03;52;AZUAY;GUALACEO;DANIEL CORDOVA TORAL
01;03;53;AZUAY;GUALACEO;JADAN
01;03;54;AZUAY;GUALACEO;MARIANO MORENO
01;03;56;AZUAY;GUALACEO;REMIGIO CRESPO TORAL
01;03;57;AZUAY;GUALACEO;SAN JUAN
01;03;58;AZUAY;GUALACEO;ZHIDMAD
01;03;59;AZUAY;GUALACEO;LUIS CORDERO VEGA
01;03;60;AZUAY;GUALACEO;SIMON BOLIVAR
01;04;50;AZUAY;NABON;NABON
01;04;51;AZUAY;NABON;COCHAPATA
01;04;52;AZUAY;NABON;EL PROGRESO
01;04;53;AZUAY;NABON;LAS NIEVES
01;05;50;AZUAY;PAUTE;PAUTE
01;05;52;AZUAY;PAUTE;BULAN
01;05;53;AZUAY;PAUTE;CHICAN
01;05;54;AZUAY;PAUTE;EL CABO
01;05;56;AZUAY;PAUTE;GUARAINAG
01;05;59;AZUAY;PAUTE;SAN CRISTOBAL
01;05;61;AZUAY;PAUTE;TOMEBAMBA
01;05;62;AZUAY;PAUTE;DUG DUG
01;06;50;AZUAY;PUCARA;PUCARA
01;06;52;AZUAY;PUCARA;SAN RAFAEL DE SHARUG
01;07;50;AZUAY;SAN FERNANDO;SAN FERNANDO
01;07;51;AZUAY;SAN FERNANDO;CHUMBLIN
01;08;50;AZUAY;SANTA ISABEL;SANTA ISABEL
01;08;51;AZUAY;SANTA ISABEL;ABDON CALDERON
01;08;52;AZUAY;SANTA ISABEL;EL CARMEN DE PIJILI
01;08;53;AZUAY;SANTA ISABEL;SHAGLLI
01;08;54;AZUAY;SANTA ISABEL;SAN SALVADOR DE CAÑARIBAMBA
01;09;50;AZUAY;SIGSIG;SIGSIG
01;09;51;AZUAY;SIGSIG;CUCHIL
01;09;52;AZUAY;SIGSIG;JIMA
01;09;53;AZUAY;SIGSIG;GÜEL
01;09;54;AZUAY;SIGSIG;LUDO
01;09;55;AZUAY;SIGSIG;SAN BARTOLOME
01;09;56;AZUAY;SIGSIG;SAN JOSE DE RARANGA
01;10;50;AZUAY;OÑA;SAN FELIPE DE OÑA
01;10;51;AZUAY;OÑA;SUSUDEL
01;11;50;AZUAY;CHORDELEG;CHORDELEG
01;11;51;AZUAY;CHORDELEG;PRINCIPAL
01;11;52;AZUAY;CHORDELEG;LA UNION
01;11;53;AZUAY;CHORDELEG;LUIS GALARZA ORELLANA
01;11;54;AZUAY;CHORDELEG;SAN MARTIN DE PUZHIO
01;12;50;AZUAY;EL PAN;EL PAN
01;12;53;AZUAY;EL PAN;SAN VICENTE
01;13;50;AZUAY;SEVILLA DE ORO;SEVILLA DE ORO
01;13;51;AZUAY;SEVILLA DE ORO;AMALUZA
01;13;52;AZUAY;SEVILLA DE ORO;PALMAS
01;14;50;AZUAY;GUACHAPALA;GUACHAPALA
01;15;50;AZUAY;CAMILO PONCE ENRIQUEZ;CAMILO PONCE ENRIQUEZ
01;15;51;AZUAY;CAMILO PONCE ENRIQUEZ;CAMILO PONCE ENRIQUEZ
02;01;50;BOLIVAR;GUARANDA;GUARANDA
02;01;51;BOLIVAR;GUARANDA;FACUNDO VELA
02;01;53;BOLIVAR;GUARANDA;JULIO E. MORENO
02;01;55;BOLIVAR;GUARANDA;SALINAS
02;01;56;BOLIVAR;GUARANDA;SAN LORENZO
02;01;57;BOLIVAR;GUARANDA;SAN SIMON
02;01;58;BOLIVAR;GUARANDA;SANTA FE
02;01;59;BOLIVAR;GUARANDA;SIMIATUG
02;01;60;BOLIVAR;GUARANDA;SAN LUIS DE PAMBIL
02;02;50;BOLIVAR;CHILLANES;CHILLANES
02;02;51;BOLIVAR;CHILLANES;SAN JOSE DEL TAMBO
02;03;50;BOLIVAR;CHIMBO;SAN JOSE DE CHIMBO
02;03;51;BOLIVAR;CHIMBO;ASUNCION
02;03;53;BOLIVAR;CHIMBO;LA MAGDALENA
02;03;54;BOLIVAR;CHIMBO;SAN SEBASTIAN
02;03;55;BOLIVAR;CHIMBO;TELIMBELA
02;04;50;BOLIVAR;ECHEANDIA;ECHEANDIA
02;05;50;BOLIVAR;SAN MIGUEL;SAN MIGUEL
02;05;51;BOLIVAR;SAN MIGUEL;BALSAPAMBA
02;05;52;BOLIVAR;SAN MIGUEL;BILOVAN
02;05;53;BOLIVAR;SAN MIGUEL;REGULO DE MORA
02;05;54;BOLIVAR;SAN MIGUEL;SAN PABLO
02;05;55;BOLIVAR;SAN MIGUEL;SANTIAGO
02;05;56;BOLIVAR;SAN MIGUEL;SAN VICENTE
02;06;50;BOLIVAR;CALUMA;CALUMA
02;07;50;BOLIVAR;LAS NAVES;LAS NAVES
03;01;50;CAÑAR;AZOGUES;AZOGUES
03;01;51;CAÑAR;AZOGUES;COJITAMBO
03;01;53;CAÑAR;AZOGUES;GUAPAN
03;01;54;CAÑAR;AZOGUES;JAVIER LOYOLA
03;01;55;CAÑAR;AZOGUES;LUIS CORDERO
03;01;56;CAÑAR;AZOGUES;PINDILIG
03;01;57;CAÑAR;AZOGUES;RIVERA
03;01;58;CAÑAR;AZOGUES;SAN MIGUEL
03;01;60;CAÑAR;AZOGUES;TADAY
03;02;50;CAÑAR;BIBLIAN;BIBLIAN
03;02;51;CAÑAR;BIBLIAN;NAZON
03;02;52;CAÑAR;BIBLIAN;SAN FRANCISCO DE SAGEO
03;02;53;CAÑAR;BIBLIAN;TURUPAMBA
03;02;54;CAÑAR;BIBLIAN;JERUSALEN
03;03;50;CAÑAR;CAÑAR;CAÑAR
03;03;51;CAÑAR;CAÑAR;CHONTAMARCA
03;03;52;CAÑAR;CAÑAR;CHOROCOPTE
03;03;53;CAÑAR;CAÑAR;GENERAL MORALES
03;03;54;CAÑAR;CAÑAR;GUALLETURO
03;03;55;CAÑAR;CAÑAR;HONORATO VASQUEZ
03;03;56;CAÑAR;CAÑAR;INGAPIRCA
03;03;57;CAÑAR;CAÑAR;JUNCAL
03;03;58;CAÑAR;CAÑAR;SAN ANTONIO
03;03;61;CAÑAR;CAÑAR;ZHUD
03;03;62;CAÑAR;CAÑAR;VENTURA
03;03;63;CAÑAR;CAÑAR;DUCUR
03;04;50;CAÑAR;LA TRONCAL;LA TRONCAL
03;04;51;CAÑAR;LA TRONCAL;MANUEL J. CALLE
03;04;52;CAÑAR;LA TRONCAL;PANCHO NEGRO
03;05;50;CAÑAR;EL TAMBO;EL TAMBO
03;06;50;CAÑAR;DELEG;DELEG
03;06;51;CAÑAR;DELEG;SOLANO
03;07;50;CAÑAR;SUSCAL;SUSCAL
04;01;50;CARCHI;TULCAN;TULCAN
04;01;51;CARCHI;TULCAN;EL CARMELO
04;01;53;CARCHI;TULCAN;JULIO ANDRADE
04;01;54;CARCHI;TULCAN;MALDONADO
04;01;55;CARCHI;TULCAN;PIOTER
04;01;56;CARCHI;TULCAN;TOBAR DONOSO
04;01;57;CARCHI;TULCAN;TUFIÑO
04;01;58;CARCHI;TULCAN;URBINA
04;01;59;CARCHI;TULCAN;EL CHICAL
04;01;61;CARCHI;TULCAN;SANTA MARTHA DE CUBA
04;02;50;CARCHI;BOLIVAR;BOLIVAR
04;02;51;CARCHI;BOLIVAR;GARCIA MORENO
04;02;52;CARCHI;BOLIVAR;LOS ANDES
04;02;53;CARCHI;BOLIVAR;MONTE OLIVO
04;02;54;CARCHI;BOLIVAR;SAN VICENTE DE PUSIR
04;02;55;CARCHI;BOLIVAR;SAN RAFAEL
04;03;50;CARCHI;ESPEJO;EL ANGEL
04;03;51;CARCHI;ESPEJO;EL GOALTAL
04;03;52;CARCHI;ESPEJO;LA LIBERTAD
04;03;53;CARCHI;ESPEJO;SAN ISIDRO
04;04;50;CARCHI;MIRA;MIRA
04;04;51;CARCHI;MIRA;CONCEPCION
04;04;52;CARCHI;MIRA;JIJON Y CAAMAÑO
04;04;53;CARCHI;MIRA;JUAN MONTALVO
04;05;50;CARCHI;MONTUFAR;SAN GABRIEL
04;05;51;CARCHI;MONTUFAR;CRISTOBAL COLON
04;05;52;CARCHI;MONTUFAR;CHITAN DE NAVARRETE
04;05;53;CARCHI;MONTUFAR;FERNANDEZ SALVADOR
04;05;54;CARCHI;MONTUFAR;LA PAZ
04;05;55;CARCHI;MONTUFAR;PIARTAL
04;06;50;CARCHI;SAN PEDRO DE HUACA;HUACA
04;06;51;CARCHI;SAN PEDRO DE HUACA;MARISCAL SUCRE
05;01;50;COTOPAXI;LATACUNGA;LATACUNGA
05;01;51;COTOPAXI;LATACUNGA;ALAQUEZ
05;01;52;COTOPAXI;LATACUNGA;BELISARIO QUEVEDO
05;01;53;COTOPAXI;LATACUNGA;GUAYTACAMA
05;01;54;COTOPAXI;LATACUNGA;JOSEGUANGO BAJO
05;01;56;COTOPAXI;LATACUNGA;MULALO
05;01;57;COTOPAXI;LATACUNGA;ONCE DE NOVIEMBRE
05;01;58;COTOPAXI;LATACUNGA;POALO
05;01;59;COTOPAXI;LATACUNGA;SAN JUAN DE PASTOCALLE
05;01;61;COTOPAXI;LATACUNGA;TANICUCHI
05;01;62;COTOPAXI;LATACUNGA;TOACASO
05;02;50;COTOPAXI;LA MANA;LA MANA
05;02;51;COTOPAXI;LA MANA;GUASAGANDA
05;02;52;COTOPAXI;LA MANA;PUCAYACU
05;03;50;COTOPAXI;PANGUA;EL CORAZON
05;03;51;COTOPAXI;PANGUA;MORASPUNGO
05;03;52;COTOPAXI;PANGUA;PINLLOPATA
05;03;53;COTOPAXI;PANGUA;RAMON CAMPAÑA
05;04;50;COTOPAXI;PUJILI;PUJILI
05;04;51;COTOPAXI;PUJILI;ANGAMARCA
05;04;53;COTOPAXI;PUJILI;GUANGAJE
05;04;55;COTOPAXI;PUJILI;LA VICTORIA
05;04;56;COTOPAXI;PUJILI;PILALO
05;04;57;COTOPAXI;PUJILI;TINGO
05;04;58;COTOPAXI;PUJILI;ZUMBAHUA
05;05;50;COTOPAXI;SALCEDO;SAN MIGUEL
05;05;51;COTOPAXI;SALCEDO;ANTONIO JOSE HOLGUIN
05;05;52;COTOPAXI;SALCEDO;CUSUBAMBA
05;05;53;COTOPAXI;SALCEDO;MULALILLO
05;05;54;COTOPAXI;SALCEDO;MULLIQUINDIL
05;05;55;COTOPAXI;SALCEDO;PANSALEO
05;06;50;COTOPAXI;SAQUISILI;SAQUISILI
05;06;51;COTOPAXI;SAQUISILI;CANCHAGUA
05;06;52;COTOPAXI;SAQUISILI;CHANTILIN
05;06;53;COTOPAXI;SAQUISILI;COCHAPAMBA
05;07;50;COTOPAXI;SIGCHOS;SIGCHOS
05;07;51;COTOPAXI;SIGCHOS;CHUGCHILLAN
05;07;52;COTOPAXI;SIGCHOS;ISINLIVI
05;07;53;COTOPAXI;SIGCHOS;LAS PAMPAS
05;07;54;COTOPAXI;SIGCHOS;PALO QUEMADO
06;01;50;CHIMBORAZO;RIOBAMBA;RIOBAMBA
06;01;51;CHIMBORAZO;RIOBAMBA;CACHA
06;01;52;CHIMBORAZO;RIOBAMBA;CALPI
06;01;53;CHIMBORAZO;RIOBAMBA;CUBIJIES
06;01;54;CHIMBORAZO;RIOBAMBA;FLORES
06;01;55;CHIMBORAZO;RIOBAMBA;LICAN
06;01;56;CHIMBORAZO;RIOBAMBA;LICTO
06;01;57;CHIMBORAZO;RIOBAMBA;PUNGALA
06;01;58;CHIMBORAZO;RIOBAMBA;PUNIN
06;01;59;CHIMBORAZO;RIOBAMBA;QUIMIAG
06;01;60;CHIMBORAZO;RIOBAMBA;SAN JUAN
06;01;61;CHIMBORAZO;RIOBAMBA;SAN LUIS
06;02;50;CHIMBORAZO;ALAUSI;ALAUSI
06;02;51;CHIMBORAZO;ALAUSI;ACHUPALLAS
06;02;53;CHIMBORAZO;ALAUSI;GUASUNTOS
06;02;54;CHIMBORAZO;ALAUSI;HUIGRA
06;02;55;CHIMBORAZO;ALAUSI;MULTITUD
06;02;56;CHIMBORAZO;ALAUSI;PISTISHI
06;02;57;CHIMBORAZO;ALAUSI;PUMALLACTA
06;02;58;CHIMBORAZO;ALAUSI;SEVILLA
06;02;59;CHIMBORAZO;ALAUSI;SIBAMBE
06;02;60;CHIMBORAZO;ALAUSI;TIXAN
06;03;50;CHIMBORAZO;COLTA;VILLA LA UNION
06;03;51;CHIMBORAZO;COLTA;CAÑI
06;03;52;CHIMBORAZO;COLTA;COLUMBE
06;03;53;CHIMBORAZO;COLTA;JUAN DE VELASCO
06;03;54;CHIMBORAZO;COLTA;SANTIAGO DE QUITO
06;04;50;CHIMBORAZO;CHAMBO;CHAMBO
06;05;50;CHIMBORAZO;CHUNCHI;CHUNCHI
06;05;51;CHIMBORAZO;CHUNCHI;CAPZOL
06;05;52;CHIMBORAZO;CHUNCHI;COMPUD
06;05;53;CHIMBORAZO;CHUNCHI;GONZOL
06;05;54;CHIMBORAZO;CHUNCHI;LLAGOS
06;06;50;CHIMBORAZO;GUAMOTE;GUAMOTE
06;06;51;CHIMBORAZO;GUAMOTE;CEBADAS
06;06;52;CHIMBORAZO;GUAMOTE;PALMIRA
06;07;50;CHIMBORAZO;GUANO;GUANO
06;07;51;CHIMBORAZO;GUANO;GUANANDO
06;07;52;CHIMBORAZO;GUANO;ILAPO
06;07;53;CHIMBORAZO;GUANO;LA PROVIDENCIA
06;07;54;CHIMBORAZO;GUANO;SAN ANDRES
06;07;55;CHIMBORAZO;GUANO;SAN GERARDO
06;07;56;CHIMBORAZO;GUANO;SAN ISIDRO DE PATULU
06;07;57;CHIMBORAZO;GUANO;SAN JOSE DEL CHAZO
06;07;58;CHIMBORAZO;GUANO;SANTA FE DE GALAN
06;07;59;CHIMBORAZO;GUANO;VALPARAISO
06;08;50;CHIMBORAZO;PALLATANGA;PALLATANGA
06;09;50;CHIMBORAZO;PENIPE;PENIPE
06;09;51;CHIMBORAZO;PENIPE;EL ALTAR
06;09;52;CHIMBORAZO;PENIPE;MATUS
06;09;53;CHIMBORAZO;PENIPE;PUELA
06;09;54;CHIMBORAZO;PENIPE;SAN ANTONIO DE BAYUSHIG
06;09;55;CHIMBORAZO;PENIPE;LA CANDELARIA
06;09;56;CHIMBORAZO;PENIPE;BILBAO
06;10;50;CHIMBORAZO;CUMANDA;CUMANDA
07;01;50;EL ORO;MACHALA;MACHALA
07;01;52;EL ORO;MACHALA;EL RETIRO
07;02;50;EL ORO;ARENILLAS;ARENILLAS
07;02;51;EL ORO;ARENILLAS;CHACRAS
07;02;54;EL ORO;ARENILLAS;PALMALES
07;02;55;EL ORO;ARENILLAS;CARCABON
07;02;56;EL ORO;ARENILLAS;LA CUCA
07;03;50;EL ORO;ATAHUALPA;PACCHA
07;03;51;EL ORO;ATAHUALPA;AYAPAMBA
07;03;52;EL ORO;ATAHUALPA;CORDONCILLO
07;03;53;EL ORO;ATAHUALPA;MILAGRO
07;03;54;EL ORO;ATAHUALPA;SAN JOSE
07;03;55;EL ORO;ATAHUALPA;SAN JUAN DE CERRO AZUL
07;04;50;EL ORO;BALSAS;BALSAS
07;04;51;EL ORO;BALSAS;BELLAMARIA
07;05;50;EL ORO;CHILLA;CHILLA
07;06;50;EL ORO;EL GUABO;EL GUABO
07;06;51;EL ORO;EL GUABO;BARBONES
07;06;52;EL ORO;EL GUABO;LA IBERIA
07;06;53;EL ORO;EL GUABO;TENDALES
07;06;54;EL ORO;EL GUABO;RIO BONITO
07;07;50;EL ORO;HUAQUILLAS;HUAQUILLAS
07;08;50;EL ORO;MARCABELI;MARCABELI
07;08;51;EL ORO;MARCABELI;EL INGENIO
07;09;50;EL ORO;PASAJE;PASAJE
07;09;51;EL ORO;PASAJE;BUENAVISTA
07;09;52;EL ORO;PASAJE;CASACAY
07;09;53;EL ORO;PASAJE;LA PEAÑA
07;09;54;EL ORO;PASAJE;PROGRESO
07;09;55;EL ORO;PASAJE;UZHCURRUMI
07;09;56;EL ORO;PASAJE;CAÑAQUEMADA
07;10;50;EL ORO;PIÑAS;PIÑAS
07;10;51;EL ORO;PIÑAS;CAPIRO
07;10;52;EL ORO;PIÑAS;LA BOCANA
07;10;53;EL ORO;PIÑAS;MOROMORO
07;10;54;EL ORO;PIÑAS;PIEDRAS
07;10;55;EL ORO;PIÑAS;SAN ROQUE
07;10;56;EL ORO;PIÑAS;SARACAY
07;11;50;EL ORO;PORTOVELO;PORTOVELO
07;11;51;EL ORO;PORTOVELO;CURTINCAPA
07;11;52;EL ORO;PORTOVELO;MORALES
07;11;53;EL ORO;PORTOVELO;SALATI
07;12;50;EL ORO;SANTA ROSA;SANTA ROSA
07;12;51;EL ORO;SANTA ROSA;BELLAVISTA
07;12;52;EL ORO;SANTA ROSA;JAMBELI
07;12;53;EL ORO;SANTA ROSA;LA AVANZADA
07;12;54;EL ORO;SANTA ROSA;SAN ANTONIO
07;12;55;EL ORO;SANTA ROSA;TORATA
07;12;56;EL ORO;SANTA ROSA;VICTORIA
07;12;57;EL ORO;SANTA ROSA;BELLAMARIA
07;13;50;EL ORO;ZARUMA;ZARUMA
07;13;51;EL ORO;ZARUMA;ABAÑIN
07;13;52;EL ORO;ZARUMA;ARCAPAMBA
07;13;53;EL ORO;ZARUMA;GUANAZAN
07;13;54;EL ORO;ZARUMA;GUIZHAGUIÑA
07;13;55;EL ORO;ZARUMA;HUERTAS
07;13;56;EL ORO;ZARUMA;MALVAS
07;13;57;EL ORO;ZARUMA;MULUNCAY GRANDE
07;13;58;EL ORO;ZARUMA;SINSAO
07;13;59;EL ORO;ZARUMA;SALVIAS
07;14;50;EL ORO;LAS LAJAS;LA VICTORIA
07;14;51;EL ORO;LAS LAJAS;LA LIBERTAD
07;14;52;EL ORO;LAS LAJAS;EL PARAISO
07;14;53;EL ORO;LAS LAJAS;SAN ISIDRO
08;01;50;ESMERALDAS;ESMERALDAS;ESMERALDAS
08;01;52;ESMERALDAS;ESMERALDAS;CAMARONES
08;01;53;ESMERALDAS;ESMERALDAS;CORONEL CARLOS CONCHA TORRES
08;01;54;ESMERALDAS;ESMERALDAS;CHINCA
08;01;59;ESMERALDAS;ESMERALDAS;MAJUA
08;01;63;ESMERALDAS;ESMERALDAS;SAN MATEO
08;01;65;ESMERALDAS;ESMERALDAS;TABIAZO
08;01;66;ESMERALDAS;ESMERALDAS;TACHINA
08;01;68;ESMERALDAS;ESMERALDAS;VUELTA LARGA
08;02;50;ESMERALDAS;ELOY ALFARO;VALDEZ
08;02;51;ESMERALDAS;ELOY ALFARO;ANCHAYACU
08;02;52;ESMERALDAS;ELOY ALFARO;ATAHUALPA
08;02;53;ESMERALDAS;ELOY ALFARO;BORBON
08;02;54;ESMERALDAS;ELOY ALFARO;LA TOLA
08;02;55;ESMERALDAS;ELOY ALFARO;LUIS VARGAS TORRES
08;02;56;ESMERALDAS;ELOY ALFARO;MALDONADO
08;02;57;ESMERALDAS;ELOY ALFARO;PAMPANAL DE BOLIVAR
08;02;58;ESMERALDAS;ELOY ALFARO;SAN FRANCISCO DE ONZOLE
08;02;59;ESMERALDAS;ELOY ALFARO;SANTO DOMINGO DE ONZOLE
08;02;60;ESMERALDAS;ELOY ALFARO;SELVA ALEGRE
08;02;61;ESMERALDAS;ELOY ALFARO;TELEMBI
08;02;62;ESMERALDAS;ELOY ALFARO;COLON ELOY DEL MARIA
08;02;63;ESMERALDAS;ELOY ALFARO;SAN JOSE DE CAYAPAS
08;02;64;ESMERALDAS;ELOY ALFARO;TIMBIRE
08;02;65;ESMERALDAS;ELOY ALFARO;SANTA LUCIA DE LAS PEÑAS
08;03;50;ESMERALDAS;MUISNE;MUISNE
08;03;51;ESMERALDAS;MUISNE;BOLIVAR
08;03;52;ESMERALDAS;MUISNE;DAULE
08;03;53;ESMERALDAS;MUISNE;GALERA
08;03;54;ESMERALDAS;MUISNE;QUINGUE
08;03;55;ESMERALDAS;MUISNE;SALIMA
08;03;56;ESMERALDAS;MUISNE;SAN FRANCISCO
08;03;57;ESMERALDAS;MUISNE;SAN GREGORIO
08;03;58;ESMERALDAS;MUISNE;SAN JOSE DE CHAMANGA
08;04;50;ESMERALDAS;QUININDE;ROSA ZARATE
08;04;51;ESMERALDAS;QUININDE;CUBE
08;04;52;ESMERALDAS;QUININDE;CHURA
08;04;53;ESMERALDAS;QUININDE;MALIMPIA
08;04;54;ESMERALDAS;QUININDE;VICHE
08;04;55;ESMERALDAS;QUININDE;LA UNION
08;05;50;ESMERALDAS;SAN LORENZO;SAN LORENZO
08;05;51;ESMERALDAS;SAN LORENZO;ALTO TAMBO
08;05;52;ESMERALDAS;SAN LORENZO;ANCON
08;05;53;ESMERALDAS;SAN LORENZO;CALDERON
08;05;54;ESMERALDAS;SAN LORENZO;CARONDELET
08;05;55;ESMERALDAS;SAN LORENZO;5 DE JUNIO
08;05;56;ESMERALDAS;SAN LORENZO;CONCEPCION
08;05;57;ESMERALDAS;SAN LORENZO;MATAJE
08;05;58;ESMERALDAS;SAN LORENZO;SAN JAVIER DE CACHAVI
08;05;59;ESMERALDAS;SAN LORENZO;SANTA RITA
08;05;60;ESMERALDAS;SAN LORENZO;TAMBILLO
08;05;61;ESMERALDAS;SAN LORENZO;TULULBI
08;05;62;ESMERALDAS;SAN LORENZO;URBINA
08;06;50;ESMERALDAS;ATACAMES;ATACAMES
08;06;51;ESMERALDAS;ATACAMES;LA UNION
08;06;52;ESMERALDAS;ATACAMES;SUA
08;06;53;ESMERALDAS;ATACAMES;TONCHIGÜE
08;06;54;ESMERALDAS;ATACAMES;TONSUPA
08;07;50;ESMERALDAS;RIOVERDE;RIOVERDE
08;07;51;ESMERALDAS;RIOVERDE;CHONTADURO
08;07;52;ESMERALDAS;RIOVERDE;CHUMUNDE
08;07;53;ESMERALDAS;RIOVERDE;LAGARTO
08;07;54;ESMERALDAS;RIOVERDE;MONTALVO
08;07;55;ESMERALDAS;RIOVERDE;ROCAFUERTE
08;08;50;ESMERALDAS;LA CONCORDIA;LA CONCORDIA
09;01;50;GUAYAS;GUAYAQUIL;GUAYAQUIL
09;01;52;GUAYAS;GUAYAQUIL;JUAN GOMEZ RENDON
09;01;53;GUAYAS;GUAYAQUIL;MORRO
09;01;56;GUAYAS;GUAYAQUIL;POSORJA
09;01;57;GUAYAS;GUAYAQUIL;PUNA
09;01;58;GUAYAS;GUAYAQUIL;TENGUEL
09;02;50;GUAYAS;ALFREDO BAQUERIZO MORENO (JUJAN);ALFREDO BAQUERIZO MORENO (JUJAN)
09;03;50;GUAYAS;BALAO;BALAO
09;04;50;GUAYAS;BALZAR;BALZAR
09;05;50;GUAYAS;COLIMES;COLIMES
09;05;51;GUAYAS;COLIMES;SAN JACINTO
09;06;50;GUAYAS;DAULE;DAULE
09;06;52;GUAYAS;DAULE;JUAN BAUTISTA AGUIRRE
09;06;53;GUAYAS;DAULE;LAUREL
09;06;54;GUAYAS;DAULE;LIMONAL
09;06;56;GUAYAS;DAULE;LOS LOJAS
09;07;50;GUAYAS;DURAN;ELOY ALFARO
09;08;50;GUAYAS;EL EMPALME;VELASCO IBARRA
09;08;51;GUAYAS;EL EMPALME;GUAYAS
09;08;52;GUAYAS;EL EMPALME;EL ROSARIO
09;09;50;GUAYAS;EL TRIUNFO;EL TRIUNFO
09;09;00;GUAYAS;EL TRIUNFO;EL TRIUNFO
09;10;50;GUAYAS;MILAGRO;MILAGRO
09;10;51;GUAYAS;MILAGRO;CHOBO
09;10;53;GUAYAS;MILAGRO;MARISCAL SUCRE
09;10;54;GUAYAS;MILAGRO;ROBERTO ASTUDILLO
09;11;50;GUAYAS;NARANJAL;NARANJAL
09;11;51;GUAYAS;NARANJAL;JESUS MARIA
09;11;52;GUAYAS;NARANJAL;SAN CARLOS
09;11;53;GUAYAS;NARANJAL;SANTA ROSA DE FLANDES
09;11;54;GUAYAS;NARANJAL;TAURA
09;12;50;GUAYAS;NARANJITO;NARANJITO
09;13;50;GUAYAS;PALESTINA;PALESTINA
09;14;50;GUAYAS;PEDRO CARBO;PEDRO CARBO
09;14;51;GUAYAS;PEDRO CARBO;VALLE DE LA VIRGEN
09;14;52;GUAYAS;PEDRO CARBO;SABANILLA
09;16;50;GUAYAS;SAMBORONDON;SAMBORONDON
09;16;51;GUAYAS;SAMBORONDON;TARIFA
09;18;50;GUAYAS;SANTA LUCIA;SANTA LUCIA
09;19;50;GUAYAS;SALITRE;EL SALITRE
09;19;51;GUAYAS;SALITRE;GENERAL VERNAZA
09;19;52;GUAYAS;SALITRE;LA VICTORIA
09;19;53;GUAYAS;SALITRE;JUNQUILLAL
09;20;50;GUAYAS;SAN JACINTO DE YAGUACHI;SAN JACINTO DE YAGUACHI
09;20;53;GUAYAS;SAN JACINTO DE YAGUACHI;GENERAL PEDRO J. MONTERO
09;20;55;GUAYAS;SAN JACINTO DE YAGUACHI;YAGUACHI VIEJO
09;20;56;GUAYAS;SAN JACINTO DE YAGUACHI;VIRGEN DE FATIMA
09;21;50;GUAYAS;PLAYAS;GENERAL VILLAMIL
09;22;50;GUAYAS;SIMON BOLIVAR;SIMON BOLIVAR
09;22;51;GUAYAS;SIMON BOLIVAR;CORONEL LORENZO DE GARAYCOA
09;23;50;GUAYAS;CORONEL MARCELINO MARIDUEÑA;CORONEL MARCELINO MARIDUEÑA
09;24;50;GUAYAS;LOMAS DE SARGENTILLO;LOMAS DE SARGENTILLO
09;25;50;GUAYAS;NOBOL;NARCISA DE JESUS
09;27;50;GUAYAS;GENERAL ANTONIO ELIZALDE;GENERAL ANTONIO ELIZALDE
09;28;50;GUAYAS;ISIDRO AYORA;ISIDRO AYORA
10;01;50;IMBABURA;IBARRA;SAN MIGUEL DE IBARRA
10;01;51;IMBABURA;IBARRA;AMBUQUI
10;01;52;IMBABURA;IBARRA;ANGOCHAGUA
10;01;53;IMBABURA;IBARRA;CAROLINA
10;01;54;IMBABURA;IBARRA;LA ESPERANZA
10;01;55;IMBABURA;IBARRA;LITA
10;01;56;IMBABURA;IBARRA;SALINAS
10;01;57;IMBABURA;IBARRA;SAN ANTONIO
10;02;50;IMBABURA;ANTONIO ANTE;ATUNTAQUI
10;02;51;IMBABURA;ANTONIO ANTE;IMBAYA
10;02;52;IMBABURA;ANTONIO ANTE;SAN FRANCISCO DE NATABUELA
10;02;53;IMBABURA;ANTONIO ANTE;SAN JOSE DE CHALTURA
10;02;54;IMBABURA;ANTONIO ANTE;SAN ROQUE
10;03;50;IMBABURA;COTACACHI;COTACACHI
10;03;51;IMBABURA;COTACACHI;APUELA
10;03;52;IMBABURA;COTACACHI;GARCIA MORENO
10;03;53;IMBABURA;COTACACHI;IMANTAG
10;03;54;IMBABURA;COTACACHI;PEÑAHERRERA
10;03;55;IMBABURA;COTACACHI;PLAZA GUTIERREZ
10;03;56;IMBABURA;COTACACHI;QUIROGA
10;03;57;IMBABURA;COTACACHI;SEIS DE JULIO DE CUELLAJE
10;03;58;IMBABURA;COTACACHI;VACAS GALINDO
10;04;50;IMBABURA;OTAVALO;OTAVALO
10;04;51;IMBABURA;OTAVALO;DR. MIGUEL EGAS CABEZAS
10;04;52;IMBABURA;OTAVALO;EUGENIO ESPEJO
10;04;53;IMBABURA;OTAVALO;GONZALEZ SUAREZ
10;04;54;IMBABURA;OTAVALO;PATAQUI
10;04;55;IMBABURA;OTAVALO;SAN JOSE DE QUICHINCHE
10;04;56;IMBABURA;OTAVALO;SAN JUAN DE ILUMAN
10;04;57;IMBABURA;OTAVALO;SAN PABLO
10;04;58;IMBABURA;OTAVALO;SAN RAFAEL
10;04;59;IMBABURA;OTAVALO;SELVA ALEGRE
10;05;50;IMBABURA;PIMAMPIRO;PIMAMPIRO
10;05;51;IMBABURA;PIMAMPIRO;CHUGA
10;05;52;IMBABURA;PIMAMPIRO;MARIANO ACOSTA
10;05;53;IMBABURA;PIMAMPIRO;SAN FRANCISCO DE SIGSIPAMBA
10;06;50;IMBABURA;SAN MIGUEL DE URCUQUI;URCUQUI
10;06;51;IMBABURA;SAN MIGUEL DE URCUQUI;CAHUASQUI
10;06;52;IMBABURA;SAN MIGUEL DE URCUQUI;LA MERCED DE BUENOS AIRES
10;06;53;IMBABURA;SAN MIGUEL DE URCUQUI;PABLO ARENAS
10;06;54;IMBABURA;SAN MIGUEL DE URCUQUI;SAN BLAS
10;06;55;IMBABURA;SAN MIGUEL DE URCUQUI;TUMBABIRO
11;01;50;LOJA;LOJA;LOJA
11;01;51;LOJA;LOJA;CHANTACO
11;01;52;LOJA;LOJA;CHUQUIRIBAMBA
11;01;53;LOJA;LOJA;EL CISNE
11;01;54;LOJA;LOJA;GUALEL
11;01;55;LOJA;LOJA;JIMBILLA
11;01;56;LOJA;LOJA;MALACATOS
11;01;57;LOJA;LOJA;SAN LUCAS
11;01;58;LOJA;LOJA;SAN PEDRO DE VILCABAMBA
11;01;59;LOJA;LOJA;SANTIAGO
11;01;60;LOJA;LOJA;TAQUIL
11;01;61;LOJA;LOJA;VILCABAMBA
11;01;62;LOJA;LOJA;YANGANA
11;01;63;LOJA;LOJA;QUINARA
11;02;50;LOJA;CALVAS;CARIAMANGA
11;02;51;LOJA;CALVAS;COLAISACA
11;02;52;LOJA;CALVAS;EL LUCERO
11;02;53;LOJA;CALVAS;UTUANA
11;02;54;LOJA;CALVAS;SANGUILLIN
11;03;50;LOJA;CATAMAYO;CATAMAYO
11;03;51;LOJA;CATAMAYO;EL TAMBO
11;03;52;LOJA;CATAMAYO;GUAYQUICHUMA
11;03;53;LOJA;CATAMAYO;SAN PEDRO DE LA BENDITA
11;03;54;LOJA;CATAMAYO;ZAMBI
11;04;50;LOJA;CELICA;CELICA
11;04;51;LOJA;CELICA;CRUZPAMBA
11;04;55;LOJA;CELICA;POZUL
11;04;56;LOJA;CELICA;SABANILLA
11;04;57;LOJA;CELICA;TENIENTE MAXIMILIANO RODRIGUEZ LOAIZA
11;05;50;LOJA;CHAGUARPAMBA;CHAGUARPAMBA
11;05;51;LOJA;CHAGUARPAMBA;BUENAVISTA
11;05;52;LOJA;CHAGUARPAMBA;EL ROSARIO
11;05;53;LOJA;CHAGUARPAMBA;SANTA RUFINA
11;05;54;LOJA;CHAGUARPAMBA;AMARILLOS
11;06;50;LOJA;ESPINDOLA;AMALUZA
11;06;51;LOJA;ESPINDOLA;BELLAVISTA
11;06;52;LOJA;ESPINDOLA;JIMBURA
11;06;53;LOJA;ESPINDOLA;SANTA TERESITA
11;06;54;LOJA;ESPINDOLA;27 DE ABRIL
11;06;55;LOJA;ESPINDOLA;EL INGENIO
11;06;56;LOJA;ESPINDOLA;EL AIRO
11;07;50;LOJA;GONZANAMA;GONZANAMA
11;07;51;LOJA;GONZANAMA;CHANGAIMINA
11;07;53;LOJA;GONZANAMA;NAMBACOLA
11;07;54;LOJA;GONZANAMA;PURUNUMA
11;07;56;LOJA;GONZANAMA;SACAPALCA
11;08;50;LOJA;MACARA;MACARA
11;08;51;LOJA;MACARA;LARAMA
11;08;52;LOJA;MACARA;LA VICTORIA
11;08;53;LOJA;MACARA;SABIANGO
11;09;50;LOJA;PALTAS;CATACOCHA
11;09;51;LOJA;PALTAS;CANGONAMA
11;09;52;LOJA;PALTAS;GUACHANAMA
11;09;54;LOJA;PALTAS;LAURO GUERRERO
11;09;56;LOJA;PALTAS;ORIANGA
11;09;57;LOJA;PALTAS;SAN ANTONIO
11;09;58;LOJA;PALTAS;CASANGA
11;09;59;LOJA;PALTAS;YAMANA
11;10;50;LOJA;PUYANGO;ALAMOR
11;10;51;LOJA;PUYANGO;CIANO
11;10;52;LOJA;PUYANGO;EL ARENAL
11;10;53;LOJA;PUYANGO;EL LIMO
11;10;54;LOJA;PUYANGO;MERCADILLO
11;10;55;LOJA;PUYANGO;VICENTINO
11;11;50;LOJA;SARAGURO;SARAGURO
11;11;51;LOJA;SARAGURO;EL PARAISO DE CELEN
11;11;52;LOJA;SARAGURO;EL TABLON
11;11;53;LOJA;SARAGURO;LLUZHAPA
11;11;54;LOJA;SARAGURO;MANU
11;11;55;LOJA;SARAGURO;SAN ANTONIO DE QUMBE
11;11;56;LOJA;SARAGURO;SAN PABLO DE TENTA
11;11;57;LOJA;SARAGURO;SAN SEBASTIAN DE YULUC
11;11;58;LOJA;SARAGURO;SELVA ALEGRE
11;11;59;LOJA;SARAGURO;URDANETA
11;11;60;LOJA;SARAGURO;SUMAYPAMBA
11;12;50;LOJA;SOZORANGA;SOZORANGA
11;12;51;LOJA;SOZORANGA;NUEVA FATIMA
11;12;52;LOJA;SOZORANGA;TACAMOROS
11;13;50;LOJA;ZAPOTILLO;ZAPOTILLO
11;13;51;LOJA;ZAPOTILLO;MANGAHURCO
11;13;52;LOJA;ZAPOTILLO;GARZAREAL
11;13;53;LOJA;ZAPOTILLO;LIMONES
11;13;54;LOJA;ZAPOTILLO;PALETILLAS
11;13;55;LOJA;ZAPOTILLO;BOLASPAMBA
11;13;56;LOJA;ZAPOTILLO;CAZADEROS
11;14;50;LOJA;PINDAL;PINDAL
11;14;51;LOJA;PINDAL;CHAQUINAL
11;14;52;LOJA;PINDAL;12 DE DICIEMBRE
11;14;53;LOJA;PINDAL;MILAGROS
11;15;50;LOJA;QUILANGA;QUILANGA
11;15;51;LOJA;QUILANGA;FUNDOCHAMBA
11;15;52;LOJA;QUILANGA;SAN ANTONIO DE LAS ARADAS
11;16;50;LOJA;OLMEDO;OLMEDO
11;16;51;LOJA;OLMEDO;LA TINGUE
12;01;50;LOS RIOS;BABAHOYO;BABAHOYO
12;01;52;LOS RIOS;BABAHOYO;CARACOL
12;01;53;LOS RIOS;BABAHOYO;FEBRES CORDERO
12;01;54;LOS RIOS;BABAHOYO;PIMOCHA
12;01;55;LOS RIOS;BABAHOYO;LA UNION
12;02;50;LOS RIOS;BABA;BABA
12;02;51;LOS RIOS;BABA;GUARE
12;02;52;LOS RIOS;BABA;ISLA DE BEJUCAL
12;03;50;LOS RIOS;MONTALVO;MONTALVO
12;03;51;LOS RIOS;MONTALVO;LA ESMERALDA
12;04;50;LOS RIOS;PUEBLOVIEJO;PUEBLOVIEJO
12;04;51;LOS RIOS;PUEBLOVIEJO;PUERTO PECHICHE
12;04;52;LOS RIOS;PUEBLOVIEJO;SAN JUAN
12;05;50;LOS RIOS;QUEVEDO;QUEVEDO
12;05;53;LOS RIOS;QUEVEDO;SAN CARLOS
12;05;55;LOS RIOS;QUEVEDO;LA ESPERANZA
12;06;50;LOS RIOS;URDANETA;CATARAMA
12;06;51;LOS RIOS;URDANETA;RICAURTE
12;07;50;LOS RIOS;VENTANAS;VENTANAS
12;07;52;LOS RIOS;VENTANAS;ZAPOTAL
12;07;53;LOS RIOS;VENTANAS;CHACARITA
12;07;54;LOS RIOS;VENTANAS;LOS ANGELES
12;08;50;LOS RIOS;VINCES;VINCES
12;08;51;LOS RIOS;VINCES;ANTONIO SOTOMAYOR
12;09;50;LOS RIOS;PALENQUE;PALENQUE
12;10;50;LOS RIOS;BUENA FE;SAN JACINTO DE BUENA FE
12;10;51;LOS RIOS;BUENA FE;PATRICIA PILAR
12;11;50;LOS RIOS;VALENCIA;VALENCIA
12;12;50;LOS RIOS;MOCACHE;MOCACHE
12;13;50;LOS RIOS;QUINSALOMA;QUINSALOMA
13;01;50;MANABI;PORTOVIEJO;PORTOVIEJO
13;01;51;MANABI;PORTOVIEJO;ABDON CALDERON
13;01;52;MANABI;PORTOVIEJO;ALHAJUELA
13;01;53;MANABI;PORTOVIEJO;CRUCITA
13;01;54;MANABI;PORTOVIEJO;PUEBLO NUEVO
13;01;55;MANABI;PORTOVIEJO;RIOCHICO
13;01;56;MANABI;PORTOVIEJO;SAN PLACIDO
13;01;57;MANABI;PORTOVIEJO;CHIRIJOS
13;02;50;MANABI;BOLIVAR;CALCETA
13;02;51;MANABI;BOLIVAR;MEMBRILLO
13;02;52;MANABI;BOLIVAR;QUIROGA
13;03;50;MANABI;CHONE;CHONE
13;03;51;MANABI;CHONE;BOYACA
13;03;52;MANABI;CHONE;CANUTO
13;03;53;MANABI;CHONE;CONVENTO
13;03;54;MANABI;CHONE;CHIBUNGA
13;03;55;MANABI;CHONE;ELOY ALFARO
13;03;56;MANABI;CHONE;RICAURTE
13;03;57;MANABI;CHONE;SAN ANTONIO
13;04;50;MANABI;EL CARMEN;EL CARMEN
13;04;51;MANABI;EL CARMEN;WILFRIDO LOOR MOREIRA
13;04;52;MANABI;EL CARMEN;SAN PEDRO DE SUMA
13;04;53;MANABI;EL CARMEN;SANTA MARIA
13;04;54;MANABI;EL CARMEN;EL PARAISO LA 14
13;05;50;MANABI;FLAVIO ALFARO;FLAVIO ALFARO
13;05;51;MANABI;FLAVIO ALFARO;SAN FRANCISCO DE NOVILLO
13;05;52;MANABI;FLAVIO ALFARO;ZAPALLO
13;06;50;MANABI;JIPIJAPA;JIPIJAPA
13;06;51;MANABI;JIPIJAPA;AMERICA
13;06;52;MANABI;JIPIJAPA;EL ANEGADO
13;06;53;MANABI;JIPIJAPA;JULCUY
13;06;54;MANABI;JIPIJAPA;LA UNION
13;06;56;MANABI;JIPIJAPA;MEMBRILLAL
13;06;57;MANABI;JIPIJAPA;PEDRO PABLO GOMEZ
13;06;58;MANABI;JIPIJAPA;PUERTO CAYO
13;07;50;MANABI;JUNIN;JUNIN
13;08;50;MANABI;MANTA;MANTA
13;08;51;MANABI;MANTA;SAN LORENZO
13;08;52;MANABI;MANTA;SANTA MARIANITA
13;09;50;MANABI;MONTECRISTI;MONTECRISTI
13;09;52;MANABI;MONTECRISTI;LA PILA
13;10;50;MANABI;PAJAN;PAJAN
13;10;51;MANABI;PAJAN;CAMPOZANO
13;10;52;MANABI;PAJAN;CASCOL
13;10;53;MANABI;PAJAN;GUALE
13;10;54;MANABI;PAJAN;LASCANO
13;11;50;MANABI;PICHINCHA;PICHINCHA
13;11;51;MANABI;PICHINCHA;BARRAGANETE
13;11;52;MANABI;PICHINCHA;SAN SEBASTIAN
13;12;50;MANABI;ROCAFUERTE;ROCAFUERTE
13;13;50;MANABI;SANTA ANA;SANTA ANA DE VUELTA LARGA
13;13;51;MANABI;SANTA ANA;AYACUCHO
13;13;52;MANABI;SANTA ANA;HONORATO VASQUEZ
13;13;53;MANABI;SANTA ANA;LA UNION
13;13;55;MANABI;SANTA ANA;SAN PABLO
13;14;50;MANABI;SUCRE;BAHIA DE CARAQUEZ
13;14;53;MANABI;SUCRE;CHARAPOTO
13;14;57;MANABI;SUCRE;SAN ISIDRO
13;15;50;MANABI;TOSAGUA;TOSAGUA
13;15;51;MANABI;TOSAGUA;BACHILLERO
13;15;52;MANABI;TOSAGUA;ANGEL PEDRO GILER
13;16;50;MANABI;24 DE MAYO;SUCRE
13;16;51;MANABI;24 DE MAYO;BELLAVISTA
13;16;52;MANABI;24 DE MAYO;NOBOA
13;16;53;MANABI;24 DE MAYO;ARQUITECTO SIXTO DURAN BALLEN
13;17;50;MANABI;PEDERNALES;PEDERNALES
13;17;51;MANABI;PEDERNALES;COJIMIES
13;17;52;MANABI;PEDERNALES;DIEZ DE AGOSTO
13;17;53;MANABI;PEDERNALES;ATAHUALPA
13;18;50;MANABI;OLMEDO;OLMEDO
13;19;50;MANABI;PUERTO LOPEZ;PUERTO LOPEZ
13;19;51;MANABI;PUERTO LOPEZ;MACHALILLA
13;19;52;MANABI;PUERTO LOPEZ;SALANGO
13;20;50;MANABI;JAMA;JAMA
13;21;50;MANABI;JARAMIJO;JARAMIJO
13;22;50;MANABI;SAN VICENTE;SAN VICENTE
13;22;51;MANABI;SAN VICENTE;CANOA
14;01;50;MORONA SANTIAGO;MORONA;MACAS
14;01;51;MORONA SANTIAGO;MORONA;ALSHI
14;01;53;MORONA SANTIAGO;MORONA;GENERAL PROAÑO
14;01;56;MORONA SANTIAGO;MORONA;SAN ISIDRO
14;01;57;MORONA SANTIAGO;MORONA;SEVILLA DON BOSCO
14;01;58;MORONA SANTIAGO;MORONA;SINAI
14;01;60;MORONA SANTIAGO;MORONA;ZUÑA
14;01;62;MORONA SANTIAGO;MORONA;CUCHAENTZA
14;01;64;MORONA SANTIAGO;MORONA;RIO BLANCO
14;02;50;MORONA SANTIAGO;GUALAQUIZA;GUALAQUIZA
14;02;51;MORONA SANTIAGO;GUALAQUIZA;AMAZONAS
14;02;52;MORONA SANTIAGO;GUALAQUIZA;BERMEJOS
14;02;53;MORONA SANTIAGO;GUALAQUIZA;BOMBOIZA
14;02;54;MORONA SANTIAGO;GUALAQUIZA;CHIGÜINDA
14;02;55;MORONA SANTIAGO;GUALAQUIZA;EL ROSARIO
14;02;56;MORONA SANTIAGO;GUALAQUIZA;NUEVA TARQUI
14;02;57;MORONA SANTIAGO;GUALAQUIZA;SAN MIGUEL DE CUYES
14;02;58;MORONA SANTIAGO;GUALAQUIZA;EL IDEAL
14;03;50;MORONA SANTIAGO;LIMON INDANZA;GENERAL LEONIDAS PLAZA GUTIERREZ
14;03;51;MORONA SANTIAGO;LIMON INDANZA;INDANZA
14;03;53;MORONA SANTIAGO;LIMON INDANZA;SAN ANTONIO
14;03;56;MORONA SANTIAGO;LIMON INDANZA;SAN MIGUEL DE CONCHAY
14;03;57;MORONA SANTIAGO;LIMON INDANZA;SANTA SUSANA DE CHIVIAZA
14;03;58;MORONA SANTIAGO;LIMON INDANZA;YUNGANZA
14;04;50;MORONA SANTIAGO;PALORA;PALORA
14;04;51;MORONA SANTIAGO;PALORA;ARAPICOS
14;04;52;MORONA SANTIAGO;PALORA;CUMANDA
14;04;54;MORONA SANTIAGO;PALORA;SANGAY
14;04;55;MORONA SANTIAGO;PALORA;16 DE AGOSTO
14;05;50;MORONA SANTIAGO;SANTIAGO;SANTIAGO DE MENDEZ
14;05;51;MORONA SANTIAGO;SANTIAGO;COPAL
14;05;52;MORONA SANTIAGO;SANTIAGO;CHUPIANZA
14;05;53;MORONA SANTIAGO;SANTIAGO;PATUCA
14;05;54;MORONA SANTIAGO;SANTIAGO;SAN LUIS DE EL ACHO
14;05;56;MORONA SANTIAGO;SANTIAGO;TAYUZA
14;05;57;MORONA SANTIAGO;SANTIAGO;SAN FRANCISCO DE CHINIMBIMI
14;06;50;MORONA SANTIAGO;SUCUA;SUCUA
14;06;51;MORONA SANTIAGO;SUCUA;ASUNCION
14;06;52;MORONA SANTIAGO;SUCUA;HUAMBI
14;06;55;MORONA SANTIAGO;SUCUA;SANTA MARIANITA DE JESUS
14;07;50;MORONA SANTIAGO;HUAMBOYA;HUAMBOYA
14;07;51;MORONA SANTIAGO;HUAMBOYA;CHIGUAZA
14;08;50;MORONA SANTIAGO;SAN JUAN BOSCO;SAN JUAN BOSCO
14;08;51;MORONA SANTIAGO;SAN JUAN BOSCO;PAN DE AZUCAR
14;08;52;MORONA SANTIAGO;SAN JUAN BOSCO;SAN CARLOS DE LIMON
14;08;53;MORONA SANTIAGO;SAN JUAN BOSCO;SAN JACINTO DE WAKAMBEIS
14;08;54;MORONA SANTIAGO;SAN JUAN BOSCO;SANTIAGO DE PANANZA
14;09;50;MORONA SANTIAGO;TAISHA;TAISHA
14;09;51;MORONA SANTIAGO;TAISHA;HUASAGA
14;09;52;MORONA SANTIAGO;TAISHA;MACUMA
14;09;53;MORONA SANTIAGO;TAISHA;TUUTINENTSA
14;09;54;MORONA SANTIAGO;TAISHA;PUMPUENTSA
14;10;50;MORONA SANTIAGO;LOGROÑO;LOGROÑO
14;10;51;MORONA SANTIAGO;LOGROÑO;YAUPI
14;10;52;MORONA SANTIAGO;LOGROÑO;SHIMPIS
14;11;50;MORONA SANTIAGO;PABLO SEXTO;PABLO SEXTO
14;12;50;MORONA SANTIAGO;TIWINTZA;SANTIAGO
14;12;51;MORONA SANTIAGO;TIWINTZA;SAN JOSE DE MORONA
15;01;50;NAPO;TENA;TENA
15;01;51;NAPO;TENA;AHUANO
15;01;53;NAPO;TENA;CHONTAPUNTA
15;01;54;NAPO;TENA;PANO
15;01;55;NAPO;TENA;PUERTO MISAHUALLI
15;01;56;NAPO;TENA;PUERTO NAPO
15;01;57;NAPO;TENA;TALAG
15;01;58;NAPO;TENA;SAN JUAN DE MUYUNA
15;03;50;NAPO;ARCHIDONA;ARCHIDONA
15;03;52;NAPO;ARCHIDONA;COTUNDO
15;03;54;NAPO;ARCHIDONA;SAN PABLO DE USHPAYACU
15;03;56;NAPO;ARCHIDONA;HATUN SUMAKU
15;04;50;NAPO;EL CHACO;EL CHACO
15;04;51;NAPO;EL CHACO;GONZALO DIAZ DE PINEDA
15;04;52;NAPO;EL CHACO;LINARES
15;04;53;NAPO;EL CHACO;OYACACHI
15;04;54;NAPO;EL CHACO;SANTA ROSA
15;04;55;NAPO;EL CHACO;SARDINAS
15;07;50;NAPO;QUIJOS;BAEZA
15;07;51;NAPO;QUIJOS;COSANGA
15;07;52;NAPO;QUIJOS;CUYUJA
15;07;53;NAPO;QUIJOS;PAPALLACTA
15;07;54;NAPO;QUIJOS;SAN FRANCISCO DE BORJA
15;07;56;NAPO;QUIJOS;SUMACO
15;09;50;NAPO;CARLOS JULIO AROSEMENA TOLA;CARLOS JULIO AROSEMENA TOLA
16;01;50;PASTAZA;PASTAZA;PUYO
16;01;52;PASTAZA;PASTAZA;CANELOS
16;01;54;PASTAZA;PASTAZA;DIEZ DE AGOSTO
16;01;55;PASTAZA;PASTAZA;FATIMA
16;01;56;PASTAZA;PASTAZA;MONTALVO
16;01;57;PASTAZA;PASTAZA;POMONA
16;01;58;PASTAZA;PASTAZA;RIO CORRIENTES
16;01;59;PASTAZA;PASTAZA;RIO TIGRE
16;01;61;PASTAZA;PASTAZA;SARAYACU
16;01;62;PASTAZA;PASTAZA;SIMON BOLIVAR
16;01;63;PASTAZA;PASTAZA;TARQUI
16;01;64;PASTAZA;PASTAZA;TENIENTE HUGO ORTIZ
16;01;65;PASTAZA;PASTAZA;VERACRUZ
16;01;66;PASTAZA;PASTAZA;EL TRIUNFO
16;02;50;PASTAZA;MERA;MERA
16;02;51;PASTAZA;MERA;MADRE TIERRA
16;02;52;PASTAZA;MERA;SHELL
16;03;50;PASTAZA;SANTA CLARA;SANTA CLARA
16;03;51;PASTAZA;SANTA CLARA;SAN JOSE
16;04;50;PASTAZA;ARAJUNO;ARAJUNO
16;04;51;PASTAZA;ARAJUNO;CURARAY
17;01;50;PICHINCHA;DISTRITO METROPOLITANO DE QUITO;QUITO
17;01;51;PICHINCHA;DISTRITO METROPOLITANO DE QUITO;ALANGASI
17;01;52;PICHINCHA;DISTRITO METROPOLITANO DE QUITO;AMAGUAÑA
17;01;53;PICHINCHA;DISTRITO METROPOLITANO DE QUITO;ATAHUALPA
17;01;54;PICHINCHA;DISTRITO METROPOLITANO DE QUITO;CALACALI
17;01;55;PICHINCHA;DISTRITO METROPOLITANO DE QUITO;CALDERON
17;01;56;PICHINCHA;DISTRITO METROPOLITANO DE QUITO;CONOCOTO
17;01;57;PICHINCHA;DISTRITO METROPOLITANO DE QUITO;CUMBAYA
17;01;58;PICHINCHA;DISTRITO METROPOLITANO DE QUITO;CHAVEZPAMBA
17;01;59;PICHINCHA;DISTRITO METROPOLITANO DE QUITO;CHECA
17;01;60;PICHINCHA;DISTRITO METROPOLITANO DE QUITO;EL QUINCHE
17;01;61;PICHINCHA;DISTRITO METROPOLITANO DE QUITO;GUALEA
17;01;62;PICHINCHA;DISTRITO METROPOLITANO DE QUITO;GUANGOPOLO
17;01;63;PICHINCHA;DISTRITO METROPOLITANO DE QUITO;GUAYLLABAMBA
17;01;64;PICHINCHA;DISTRITO METROPOLITANO DE QUITO;LA MERCED
17;01;65;PICHINCHA;DISTRITO METROPOLITANO DE QUITO;LLANO CHICO
17;01;66;PICHINCHA;DISTRITO METROPOLITANO DE QUITO;LLOA
17;01;68;PICHINCHA;DISTRITO METROPOLITANO DE QUITO;NANEGAL
17;01;69;PICHINCHA;DISTRITO METROPOLITANO DE QUITO;NANEGALITO
17;01;70;PICHINCHA;DISTRITO METROPOLITANO DE QUITO;NAYON
17;01;71;PICHINCHA;DISTRITO METROPOLITANO DE QUITO;NONO
17;01;72;PICHINCHA;DISTRITO METROPOLITANO DE QUITO;PACTO
17;01;74;PICHINCHA;DISTRITO METROPOLITANO DE QUITO;PERUCHO
17;01;75;PICHINCHA;DISTRITO METROPOLITANO DE QUITO;PIFO
17;01;76;PICHINCHA;DISTRITO METROPOLITANO DE QUITO;PINTAG
17;01;77;PICHINCHA;DISTRITO METROPOLITANO DE QUITO;POMASQUI
17;01;78;PICHINCHA;DISTRITO METROPOLITANO DE QUITO;PUELLARO
17;01;79;PICHINCHA;DISTRITO METROPOLITANO DE QUITO;PUEMBO
17;01;80;PICHINCHA;DISTRITO METROPOLITANO DE QUITO;SAN ANTONIO
17;01;81;PICHINCHA;DISTRITO METROPOLITANO DE QUITO;SAN JOSE DE MINAS
17;01;83;PICHINCHA;DISTRITO METROPOLITANO DE QUITO;TABABELA
17;01;84;PICHINCHA;DISTRITO METROPOLITANO DE QUITO;TUMBACO
17;01;85;PICHINCHA;DISTRITO METROPOLITANO DE QUITO;YARUQUI
17;01;86;PICHINCHA;DISTRITO METROPOLITANO DE QUITO;ZAMBIZA
17;02;50;PICHINCHA;CAYAMBE;CAYAMBE
17;02;51;PICHINCHA;CAYAMBE;ASCAZUBI
17;02;52;PICHINCHA;CAYAMBE;CANGAHUA
17;02;53;PICHINCHA;CAYAMBE;OLMEDO
17;02;54;PICHINCHA;CAYAMBE;OTON
17;02;55;PICHINCHA;CAYAMBE;SANTA ROSA DE CUZUBAMBA
17;02;56;PICHINCHA;CAYAMBE;SAN JOSE DE AYORA
17;03;50;PICHINCHA;MEJIA;MACHACHI
17;03;51;PICHINCHA;MEJIA;ALOAG
17;03;52;PICHINCHA;MEJIA;ALOASI
17;03;53;PICHINCHA;MEJIA;CUTUGLAHUA
17;03;54;PICHINCHA;MEJIA;EL CHAUPI
17;03;55;PICHINCHA;MEJIA;MANUEL CORNEJO ASTORGA
17;03;56;PICHINCHA;MEJIA;TAMBILLO
17;03;57;PICHINCHA;MEJIA;UYUMBICHO
17;04;50;PICHINCHA;PEDRO MONCAYO;TABACUNDO
17;04;51;PICHINCHA;PEDRO MONCAYO;LA ESPERANZA
17;04;52;PICHINCHA;PEDRO MONCAYO;MALCHINGUI
17;04;53;PICHINCHA;PEDRO MONCAYO;TOCACHI
17;04;54;PICHINCHA;PEDRO MONCAYO;TUPIGACHI
17;05;50;PICHINCHA;RUMIÑAHUI;SANGOLQUI
17;05;51;PICHINCHA;RUMIÑAHUI;COTOGCHOA
17;05;52;PICHINCHA;RUMIÑAHUI;RUMIPAMBA
17;07;50;PICHINCHA;SAN MIGUEL DE LOS BANCOS;SAN MIGUEL DE LOS BANCOS
17;07;51;PICHINCHA;SAN MIGUEL DE LOS BANCOS;MINDO
17;08;50;PICHINCHA;PEDRO VICENTE MALDONADO;PEDRO VICENTE MALDONADO
17;09;50;PICHINCHA;PUERTO QUITO;PUERTO QUITO
18;01;50;TUNGURAHUA;AMBATO;AMBATO
18;01;51;TUNGURAHUA;AMBATO;AMBATILLO
18;01;52;TUNGURAHUA;AMBATO;ATAHUALPA
18;01;53;TUNGURAHUA;AMBATO;AUGUSTO N. MARTINEZ
18;01;54;TUNGURAHUA;AMBATO;CONSTANTINO FERNANDEZ
18;01;55;TUNGURAHUA;AMBATO;HUACHI GRANDE
18;01;56;TUNGURAHUA;AMBATO;IZAMBA
18;01;57;TUNGURAHUA;AMBATO;JUAN BENIGNO VELA
18;01;58;TUNGURAHUA;AMBATO;MONTALVO
18;01;59;TUNGURAHUA;AMBATO;PASA
18;01;60;TUNGURAHUA;AMBATO;PICAIHUA
18;01;61;TUNGURAHUA;AMBATO;PILAGÜIN (PILAHUIN)
18;01;62;TUNGURAHUA;AMBATO;QUISAPINCHA
18;01;63;TUNGURAHUA;AMBATO;SAN BARTOLOME DE PINLLO
18;01;64;TUNGURAHUA;AMBATO;SAN FERNANDO
18;01;65;TUNGURAHUA;AMBATO;SANTA ROSA
18;01;66;TUNGURAHUA;AMBATO;TOTORAS
18;01;67;TUNGURAHUA;AMBATO;CUNCHIBAMBA
18;01;68;TUNGURAHUA;AMBATO;UNAMUNCHO
18;02;50;TUNGURAHUA;BAÑOS DE AGUA SANTA;BAÑOS
18;02;51;TUNGURAHUA;BAÑOS DE AGUA SANTA;LLIGUA
18;02;52;TUNGURAHUA;BAÑOS DE AGUA SANTA;RIO NEGRO
18;02;53;TUNGURAHUA;BAÑOS DE AGUA SANTA;RIO VERDE
18;02;54;TUNGURAHUA;BAÑOS DE AGUA SANTA;ULBA
18;03;50;TUNGURAHUA;CEVALLOS;CEVALLOS
18;04;50;TUNGURAHUA;MOCHA;MOCHA
18;04;51;TUNGURAHUA;MOCHA;PINGUILI
18;05;50;TUNGURAHUA;PATATE;PATATE
18;05;51;TUNGURAHUA;PATATE;EL TRIUNFO
18;05;52;TUNGURAHUA;PATATE;LOS ANDES
18;05;53;TUNGURAHUA;PATATE;SUCRE
18;06;50;TUNGURAHUA;QUERO;QUERO
18;06;51;TUNGURAHUA;QUERO;RUMIPAMBA
18;06;52;TUNGURAHUA;QUERO;YANAYACU-MOCHAPATA
18;07;50;TUNGURAHUA;SAN PEDRO DE PELILEO;PELILEO
18;07;51;TUNGURAHUA;SAN PEDRO DE PELILEO;BENITEZ
18;07;52;TUNGURAHUA;SAN PEDRO DE PELILEO;BOLIVAR
18;07;53;TUNGURAHUA;SAN PEDRO DE PELILEO;COTALO
18;07;54;TUNGURAHUA;SAN PEDRO DE PELILEO;CHIQUICHA
18;07;55;TUNGURAHUA;SAN PEDRO DE PELILEO;EL ROSARIO
18;07;56;TUNGURAHUA;SAN PEDRO DE PELILEO;GARCIA MORENO
18;07;57;TUNGURAHUA;SAN PEDRO DE PELILEO;GUAMBALO
18;07;58;TUNGURAHUA;SAN PEDRO DE PELILEO;SALASACA
18;08;50;TUNGURAHUA;SANTIAGO DE PILLARO;PILLARO
18;08;51;TUNGURAHUA;SANTIAGO DE PILLARO;BAQUERIZO MORENO
18;08;52;TUNGURAHUA;SANTIAGO DE PILLARO;EMILIO MARIA TERAN
18;08;53;TUNGURAHUA;SANTIAGO DE PILLARO;MARCOS ESPINEL
18;08;54;TUNGURAHUA;SANTIAGO DE PILLARO;PRESIDENTE URBINA
18;08;55;TUNGURAHUA;SANTIAGO DE PILLARO;SAN ANDRES
18;08;56;TUNGURAHUA;SANTIAGO DE PILLARO;SAN JOSE DE POALO
18;08;57;TUNGURAHUA;SANTIAGO DE PILLARO;SAN MIGUELITO
18;09;50;TUNGURAHUA;TISALEO;TISALEO
18;09;51;TUNGURAHUA;TISALEO;QUINCHICOTO
19;01;50;ZAMORA CHINCHIPE;ZAMORA;ZAMORA
19;01;51;ZAMORA CHINCHIPE;ZAMORA;CUMBARATZA
19;01;52;ZAMORA CHINCHIPE;ZAMORA;GUADALUPE
19;01;53;ZAMORA CHINCHIPE;ZAMORA;IMBANA
19;01;55;ZAMORA CHINCHIPE;ZAMORA;SABANILLA
19;01;56;ZAMORA CHINCHIPE;ZAMORA;TIMBARA
19;01;58;ZAMORA CHINCHIPE;ZAMORA;SAN CARLOS DE LAS MINAS
19;02;50;ZAMORA CHINCHIPE;CHINCHIPE;ZUMBA
19;02;51;ZAMORA CHINCHIPE;CHINCHIPE;CHITO
19;02;52;ZAMORA CHINCHIPE;CHINCHIPE;EL CHORRO
19;02;54;ZAMORA CHINCHIPE;CHINCHIPE;LA CHONTA
19;02;56;ZAMORA CHINCHIPE;CHINCHIPE;PUCAPAMBA
19;02;59;ZAMORA CHINCHIPE;CHINCHIPE;SAN ANDRES
19;03;50;ZAMORA CHINCHIPE;NANGARITZA;GUAYZIMI
19;03;51;ZAMORA CHINCHIPE;NANGARITZA;ZURMI
19;03;52;ZAMORA CHINCHIPE;NANGARITZA;NUEVO PARAISO
19;03;53;ZAMORA CHINCHIPE;NANGARITZA;NANKAIS
19;04;50;ZAMORA CHINCHIPE;YACUAMBI;28 DE MAYO
19;04;51;ZAMORA CHINCHIPE;YACUAMBI;LA PAZ
19;04;52;ZAMORA CHINCHIPE;YACUAMBI;TUTUPALI
19;05;50;ZAMORA CHINCHIPE;YANTZAZA;YANTZAZA
19;05;51;ZAMORA CHINCHIPE;YANTZAZA;CHICAÑA
19;05;53;ZAMORA CHINCHIPE;YANTZAZA;LOS ENCUENTROS
19;06;50;ZAMORA CHINCHIPE;EL PANGUI;EL PANGUI
19;06;51;ZAMORA CHINCHIPE;EL PANGUI;EL GUISME
19;06;52;ZAMORA CHINCHIPE;EL PANGUI;PACHICUTZA
19;06;53;ZAMORA CHINCHIPE;EL PANGUI;TUNDAYME
19;07;50;ZAMORA CHINCHIPE;CENTINELA DEL CONDOR;ZUMBI
19;07;52;ZAMORA CHINCHIPE;CENTINELA DEL CONDOR;TRIUNFO DORADO
19;07;53;ZAMORA CHINCHIPE;CENTINELA DEL CONDOR;PANGUINTZA
19;08;50;ZAMORA CHINCHIPE;PALANDA;PALANDA
19;08;51;ZAMORA CHINCHIPE;PALANDA;EL PORVENIR DEL CARMEN
19;08;52;ZAMORA CHINCHIPE;PALANDA;SAN FRANCISCO DEL VERGEL
19;08;53;ZAMORA CHINCHIPE;PALANDA;VALLADOLID
19;08;54;ZAMORA CHINCHIPE;PALANDA;LA CANELA
19;09;50;ZAMORA CHINCHIPE;PAQUISHA;PAQUISHA
19;09;51;ZAMORA CHINCHIPE;PAQUISHA;BELLAVISTA
19;09;52;ZAMORA CHINCHIPE;PAQUISHA;NUEVO QUITO
20;01;50;GALAPAGOS;SAN CRISTOBAL;PUERTO BAQUERIZO MORENO
20;01;51;GALAPAGOS;SAN CRISTOBAL;EL PROGRESO
20;01;52;GALAPAGOS;SAN CRISTOBAL;ISLA SANTA MARIA FLOREANA
20;02;50;GALAPAGOS;ISABELA;PUERTO VILLAMIL
20;02;51;GALAPAGOS;ISABELA;TOMAS DE BERLANGA
20;03;50;GALAPAGOS;SANTA CRUZ;PUERTO AYORA
20;03;51;GALAPAGOS;SANTA CRUZ;BELLA VISTA
20;03;52;GALAPAGOS;SANTA CRUZ;SANTA ROSA
21;01;50;SUCUMBIOS;LAGO AGRIO;NUEVA LOJA
21;01;52;SUCUMBIOS;LAGO AGRIO;DURENO
21;01;53;SUCUMBIOS;LAGO AGRIO;GENERAL FARFAN
21;01;55;SUCUMBIOS;LAGO AGRIO;EL ENO
21;01;56;SUCUMBIOS;LAGO AGRIO;PACAYACU
21;01;57;SUCUMBIOS;LAGO AGRIO;JAMBELI
21;01;58;SUCUMBIOS;LAGO AGRIO;SANTA CECILIA
21;01;60;SUCUMBIOS;LAGO AGRIO;10 DE AGOSTO
21;02;50;SUCUMBIOS;GONZALO PIZARRO;LUMBAQUI
21;02;51;SUCUMBIOS;GONZALO PIZARRO;EL REVENTADOR
21;02;52;SUCUMBIOS;GONZALO PIZARRO;GONZALO PIZARRO
21;02;54;SUCUMBIOS;GONZALO PIZARRO;PUERTO LIBRE
21;03;50;SUCUMBIOS;PUTUMAYO;PUERTO EL CARMEN DE PUTUMAYO
21;03;51;SUCUMBIOS;PUTUMAYO;PALMA ROJA
21;03;52;SUCUMBIOS;PUTUMAYO;PUERTO BOLIVAR
21;03;53;SUCUMBIOS;PUTUMAYO;PUERTO RODRIGUEZ
21;03;54;SUCUMBIOS;PUTUMAYO;SANTA ELENA
21;03;55;SUCUMBIOS;PUTUMAYO;SANSAHUARI
21;04;50;SUCUMBIOS;SHUSHUFINDI;SHUSHUFINDI
21;04;51;SUCUMBIOS;SHUSHUFINDI;LIMONCOCHA
21;04;52;SUCUMBIOS;SHUSHUFINDI;PAÑACOCHA
21;04;53;SUCUMBIOS;SHUSHUFINDI;SAN ROQUE
21;04;54;SUCUMBIOS;SHUSHUFINDI;SAN PEDRO DE LOS COFANES
21;04;55;SUCUMBIOS;SHUSHUFINDI;SIETE DE JULIO
21;05;50;SUCUMBIOS;SUCUMBIOS;LA BONITA
21;05;51;SUCUMBIOS;SUCUMBIOS;EL PLAYON DE SAN FRANCISCO
21;05;52;SUCUMBIOS;SUCUMBIOS;LA SOFIA
21;05;53;SUCUMBIOS;SUCUMBIOS;ROSA FLORIDA
21;05;54;SUCUMBIOS;SUCUMBIOS;SANTA BARBARA
21;06;50;SUCUMBIOS;CASCALES;EL DORADO DE CASCALES
21;06;51;SUCUMBIOS;CASCALES;SANTA ROSA DE SUCUMBIOS
21;06;52;SUCUMBIOS;CASCALES;SEVILLA
21;06;53;SUCUMBIOS;CASCALES;NUEVA TRONCAL
21;07;50;SUCUMBIOS;CUYABENO;TARAPOA
21;07;51;SUCUMBIOS;CUYABENO;CUYABENO
21;07;52;SUCUMBIOS;CUYABENO;AGUAS NEGRAS
22;01;50;ORELLANA;FRANCISCO DE ORELLANA;EL COCA (PUERTO FRANCISCO DE ORELLANA)
22;01;51;ORELLANA;FRANCISCO DE ORELLANA;DAYUMA
22;01;52;ORELLANA;FRANCISCO DE ORELLANA;TARACOA
22;01;53;ORELLANA;FRANCISCO DE ORELLANA;ALEJANDRO LABAKA
22;01;54;ORELLANA;FRANCISCO DE ORELLANA;EL DORADO
22;01;55;ORELLANA;FRANCISCO DE ORELLANA;EL EDEN
22;01;56;ORELLANA;FRANCISCO DE ORELLANA;GARCIA MORENO
22;01;57;ORELLANA;FRANCISCO DE ORELLANA;INES ARANGO
22;01;58;ORELLANA;FRANCISCO DE ORELLANA;LA BELLEZA
22;01;59;ORELLANA;FRANCISCO DE ORELLANA;NUEVO PARAISO
22;01;60;ORELLANA;FRANCISCO DE ORELLANA;SAN JOSE DE GUAYUSA
22;01;61;ORELLANA;FRANCISCO DE ORELLANA;SAN LUIS DE ARMENIA
22;02;50;ORELLANA;AGUARICO;NUEVO ROCAFUERTE
22;02;51;ORELLANA;AGUARICO;CAPITAN AUGUSTO RIVADENEYRA
22;02;52;ORELLANA;AGUARICO;CONONACO
22;02;53;ORELLANA;AGUARICO;SANTA MARIA DE HUIRIRIMA
22;02;54;ORELLANA;AGUARICO;TIPUTINI
22;02;55;ORELLANA;AGUARICO;YASUNI
22;03;50;ORELLANA;LA JOYA DE LOS SACHAS;LA JOYA DE LOS SACHAS
22;03;51;ORELLANA;LA JOYA DE LOS SACHAS;ENOKANQUI
22;03;52;ORELLANA;LA JOYA DE LOS SACHAS;POMPEYA
22;03;53;ORELLANA;LA JOYA DE LOS SACHAS;SAN CARLOS
22;03;54;ORELLANA;LA JOYA DE LOS SACHAS;SAN SEBASTIAN DEL COCA
22;03;55;ORELLANA;LA JOYA DE LOS SACHAS;LAGO SAN PEDRO
22;03;56;ORELLANA;LA JOYA DE LOS SACHAS;RUMIPAMBA
22;03;57;ORELLANA;LA JOYA DE LOS SACHAS;TRES DE NOVIEMBRE
22;03;58;ORELLANA;LA JOYA DE LOS SACHAS;UNION MILAGREÑA
22;04;50;ORELLANA;LORETO;LORETO
22;04;51;ORELLANA;LORETO;AVILA
22;04;52;ORELLANA;LORETO;PUERTO MURIALDO
22;04;53;ORELLANA;LORETO;SAN JOSE DE PAYAMINO
22;04;54;ORELLANA;LORETO;SAN JOSE DE DAHUANO
22;04;55;ORELLANA;LORETO;SAN VICENTE DE HUATICOCHA
23;01;50;SANTO DOMINGO DE LOS TSACHILAS;SANTO DOMINGO;SANTO DOMINGO DE LOS COLORADOS
23;01;51;SANTO DOMINGO DE LOS TSACHILAS;SANTO DOMINGO;ALLURIQUIN
23;01;52;SANTO DOMINGO DE LOS TSACHILAS;SANTO DOMINGO;PUERTO LIMON
23;01;53;SANTO DOMINGO DE LOS TSACHILAS;SANTO DOMINGO;LUZ DE AMERICA
23;01;54;SANTO DOMINGO DE LOS TSACHILAS;SANTO DOMINGO;SAN JACINTO DEL BUA
23;01;55;SANTO DOMINGO DE LOS TSACHILAS;SANTO DOMINGO;VALLE HERMOSO
23;01;56;SANTO DOMINGO DE LOS TSACHILAS;SANTO DOMINGO;EL ESFUERZO
23;01;57;SANTO DOMINGO DE LOS TSACHILAS;SANTO DOMINGO;SANTA MARIA DEL TOACHI
23;02;50;SANTO DOMINGO DE LOS TSACHILAS;LA CONCORDIA;LA CONCORDIA
23;02;51;SANTO DOMINGO DE LOS TSACHILAS;LA CONCORDIA;MONTERREY
23;02;52;SANTO DOMINGO DE LOS TSACHILAS;LA CONCORDIA;LA VILLEGAS
23;02;53;SANTO DOMINGO DE LOS TSACHILAS;LA CONCORDIA;PLAN PILOTO
24;01;50;SANTA ELENA;SANTA ELENA;SANTA ELENA
24;01;51;SANTA ELENA;SANTA ELENA;ATAHUALPA
24;01;52;SANTA ELENA;SANTA ELENA;COLONCHE
24;01;53;SANTA ELENA;SANTA ELENA;CHANDUY
24;01;54;SANTA ELENA;SANTA ELENA;MANGLARALTO
24;01;55;SANTA ELENA;SANTA ELENA;SIMON BOLIVAR
24;01;56;SANTA ELENA;SANTA ELENA;SAN JOSE DE ANCON
24;02;50;SANTA ELENA;LA LIBERTAD;LA LIBERTAD
24;03;50;SANTA ELENA;SALINAS;SALINAS
24;03;51;SANTA ELENA;SALINAS;ANCONCITO
24;03;52;SANTA ELENA;SALINAS;JOSE LUIS TAMAYO
90;01;51;ZONAS NO DELIMITADAS;ZONAS NO DELIMITADAS;LAS GOLONDRINAS
90;03;51;ZONAS NO DELIMITADAS;ZONAS NO DELIMITADAS;MANGA DEL CURA
90;04;51;ZONAS NO DELIMITADAS;ZONAS NO DELIMITADAS;EL PIEDRERO